chapter_id,chapter_name,chapter_name_ja,region,established_year,member_count,member_count_as_of,president_name,president_name_en,president_company,website,description
1,EO Hokkaido,EO北海道,北海道,2022,100+,2025,岡田吉伸,Yoshinobu Okada,株式会社創伸建設,https://eohokkaido.org/,北海道出身または縁のある起業家が集まるチャプター。設立3年で会員100名突破。
2,EO North Japan,EO東北,東北,2011,61,,齊藤良太,Ryota Saito,,https://eonorthjapan.org/,震災直後の2011年に設立。東北最大級の起業家コミュニティ。
3,EO Ibaraki,EO茨城,茨城,2023,,,金子達,Tatsu Kaneko,金子金物株式会社,https://eoibaraki.org/,堀義人氏（グロービス）が初代会長として立ち上げた県単位初のチャプター。
4,EO Tokyo Central,EO東京セントラル,東京,1995,412,2025,山木智史,Tomofumi Yamaki,株式会社Re-grit Partners,https://eotokyo.org/,日本初のEOチャプター。世界No.1の会員数を誇る。約10%が上場企業。
5,EO Tokyo West,EO東京ウエスト,東京,2018,,2025,鈴木賢志,Kenji Suzuki,株式会社トータルフロー,https://eotokyowest.org/,EO Tokyo Centralから移籍した18名が設立。上限100名の少数精鋭。
6,EO Tokyo Platinum,EO東京プラチナム,東京,2020,,,,,https://www.eotokyoplatinum.org/,年商50億円以上または上場企業の起業家限定の完全招待制チャプター。
7,EO Tokyo Metropolitan,EO東京メトロポリタン,東京,2020,50+,2025,,,https://www.eotokyometropolitan.org/,GLOBALチャプター。15以上の業界・10以上の国籍のメンバーで構成。
8,EO Tokyo East,EO東京イースト,東京,2025,,,,,,FY25-26より新設されたチャプター。
9,EO Kanagawa,EO神奈川,神奈川,2024,,,小泉英一,Eiichi Koizumi,HITOMIOテクノロジーズ,https://eokanagawa.org/,2024年6月設立の比較的新しいチャプター。
10,EO Beyond Japan,EOビヨンドジャパン,,2025,,,,,,2025年1月にBRIDGEチャプターとして設立。
11,EO Hokuriku,EO北陸,北陸,2022,32+,,遠山功,Isao Toyama,インサイトラボ,https://eohokuriku.org/,新潟含む北陸4県の起業家ネットワーク。伝統産業×世界展開を目指す。
12,EO Nagoya,EO名古屋,東海,2017,63,,,,株式会社ブラス（初代会長:河合達明）,https://eonagoya.org/,東海地方（愛知・岐阜・三重・静岡）に本社・拠点を置く起業家が集まる。
13,EO Kyoto,EO京都,京都,,71,,,他力野淳,Jun Tarikino,,https://eokyoto.org/,「京都から世界へ」を掲げるチャプター。FY25-26 Regional Chair所属。
14,EO Osaka,EO大阪,大阪,2010,93,,,,https://www.eoosaka.org/,日本2つ目のチャプターとして発足。関西の起業家コミュニティの中核。
15,EO Kobe,EO神戸,兵庫,2022,,,重見彰則,Akinori Shigemi,,https://eokobe.org/,「BE GLOCAL」をビジョンに掲げる日本唯一のグローカルチャプター。
16,EO Setouchi,EOせとうち,中国・四国,2021,52,2025,,,https://www.eosetouchi.org/,中国・四国地方9県を結ぶ架け橋となるチャプター。
17,EO Kyushu,EO九州,九州,2017,75,2025,,,https://eokyushu.org/,EO Fukuokaとして発足し2022年にEO Kyushuへ改称。
18,EO Okinawa,EO沖縄,沖縄,2021,40,,,,https://eookinawa.org/,万国津梁の精神に基づき「沖縄の経済発展・世界交流・世界平和」を志す。
19,EO JRKC,EO JRKC,,,,,,,,,EO Japan Regionに所属するチャプター。
20,EO Kansai Metropolitan,EO関西メトロポリタン,関西,,,,,,,FY25-26から新設されたチャプター。
